FSN,Category
CPWHAE2VFHJAFUKK,car_pillow_cushion
CPWH5HD9YUSYBNHN,car_pillow_cushion
CPWHFK37ZANPF8YM,car_pillow_cushion
CPWHAE2UZ85G68WZ,car_pillow_cushion
CPWH5HDQMHSDJCT2,car_pillow_cushion
CPWHYAQDEHV9KMUZ,car_pillow_cushion
CPWH5Q8SBPH34D9H,car_pillow_cushion
CPWGZX8H9RWPMYKZ,car_pillow_cushion
CPWHFK2RFZU9KYYR,car_pillow_cushion
CPWGWH8WFKKYWPSH,car_pillow_cushion
CPWH5QACAG6N5DV3,car_pillow_cushion
CPWH5F49MTGZUHGK,car_pillow_cushion
CPWH5F48TPZGZZFX,car_pillow_cushion
CMCHHTUUGFJWMVHG,commode_shower_chair
CMCHHTUUKNCHMYUX,commode_shower_chair
CMCHG4RHYE566V8U,commode_shower_chair
CPTHDYAYBMQF55JV,computer_table
CPTHDYAEBNENYHZG,computer_table
CPTHDYADNTZUFXZD,computer_table
CPCHAFY4VUCTYH5P,cushion_pillow_cover
CPCHAFY4FZ9PT2FE,cushion_pillow_cover
CPCHAFY4EZYHFWU4,cushion_pillow_cover
CPCHAFY4PHPZGYW4,cushion_pillow_cover
CPCHAFY4CTNGNQ3S,cushion_pillow_cover
CPCHAFY4HAZRXGVZ,cushion_pillow_cover
CPCHAFY4SAWHPJSZ,cushion_pillow_cover
CPCHAFY4NATA4RWK,cushion_pillow_cover
CPCHAFY4MEGHK7UB,cushion_pillow_cover
CPCHAFY4M4MXGSTK,cushion_pillow_cover
KSSHFCX2EE8HMX9N,kids_shoe
KSSHFCX2WPMAD3ZX,kids_shoe
KSSHFCX2B9Q2AFZH,kids_shoe
KSSHFCX2FSYWH5KG,kids_shoe
KSSHFCX29YDZ4VMX,kids_shoe
KSSHFCX2CJGKME3H,kids_shoe
KSSHFCX2ZBSZ2NHZ,kids_shoe
KSSHFCX2EGGVMF5Z,kids_shoe
KSSHFCX2PHW4QM5H,kids_shoe
KSSHFCX2UHZU6NNV,kids_shoe
KSSHFCX2SGHGRBVF,kids_shoe
MATHGUC6EQRUGN7S,mat
MATHGS859QGHGRZP,mat
MATHGS84NFVZ9ZBS,mat
MATHGS86CFEFS4BY,mat
MTPH5F46Y9BB2M8G,mattress_protector
MTPH5F43THVCUHZX,mattress_protector
MTPH5F4375EYZDBH,mattress_protector
MTPHCGNJVWKUGRAH,mattress_protector
MTPHCGNJHD5GRRC5,mattress_protector
MTPHCGNJDVANJGZZ,mattress_protector
MTPHCGNJFQZYFCQ9,mattress_protector
MTPHCGNJGVFQBMGH,mattress_protector
MTPHCGNJHGU9PDSV,mattress_protector
MTPHCGNJVEZEWTTH,mattress_protector
MTPHCGNJYZ83Z6XY,mattress_protector
MTPHGMZFZTGCYMK8,mattress_protector
MTPHGMZFE53GABQ2,mattress_protector
MTPHGMZFYR7PHTDN,mattress_protector
MTPHGMNXXFKTZ7WQ,mattress_protector
MTPHGMNXNEQ3XVUF,mattress_protector
MTPHGMNXTGX27DZP,mattress_protector
MTPHGMZFGZA3P4UM,mattress_protector
MTPHGMNXJG4VJFVG,mattress_protector
MTPHGMZFUP7DHZ6A,mattress_protector
MTPHGMNXKQBHJSKV,mattress_protector
MTPHGMNXCKHKYV2D,mattress_protector
MTPHGMNX8DZZFFGZ,mattress_protector
MTPHGMNX3Y6Y9FHQ,mattress_protector
MTPHGMNXRSPAGZH6,mattress_protector
MTPHGMZFKZRZRAAN,mattress_protector
MTPHGMNXHBBDANZ4,mattress_protector
MTPHGMNXFAHNBG8Z,mattress_protector
MTPHGMNXZDPYHG4J,mattress_protector
MTPHGMNXZFG5NNQE,mattress_protector
MTPHGMZFHRGYHRGM,mattress_protector
MTPHGMNXSXVUQZ7C,mattress_protector
MTPHGMNXVT5JUWPD,mattress_protector
MTPHGMNXGSHUFRV5,mattress_protector
MTPHGMZFPZWRNPGG,mattress_protector
MTPHGMNYHCNCNDNY,mattress_protector
MTPHGMNXPTUE3Z4G,mattress_protector
MTPHGMNYHYQZQMUN,mattress_protector
MTPHGMNXD3ZHF6JG,mattress_protector
MTPHGMNXPZYUTGMG,mattress_protector
MTPHGMNXVBVUZGQE,mattress_protector
MTPHGMNX4XHJJDZY,mattress_protector
MTPHGMNXJZHR7XEG,mattress_protector
MTPHGMNX9Q5HVGWZ,mattress_protector
MTPHGMZF2XZYH28G,mattress_protector
MTPHGMNXURAA8SNJ,mattress_protector
MTPHGMNX8H84JGHS,mattress_protector
MRGHHTSRZ3X7GNYX,medical_reacher_grabber
NPEH6SZ2RUUUCHRH,neck_pillow_eye_shade
NPEH6SZ6FGCCFXSF,neck_pillow_eye_shade
OSCHGSAFSBQMHTFH,office_study_chair
OSCHGSA3KHX5CHRC,office_study_chair
OSCH87YWCR2BFNJJ,office_study_chair
OSCHC7K7GUB5UZMF,office_study_chair
OSCH87YWCNVGN4ZN,office_study_chair
OSCHC7K778YEEXMG,office_study_chair
OSCH87YWMVBUYHEC,office_study_chair
OSCH87YWUES8Q4UC,office_study_chair
OSCHE4C7SZTXYSW9,office_study_chair
OSCHE4C7XYWWSHSA,office_study_chair
OSCHE4C7ENGRGHJY,office_study_chair
OSCHG3MVNKGYRKSY,office_study_chair
OSCHG4JNHG4BEZT7,office_study_chair
OSCHE4C77HRZYGPG,office_study_chair
PLWH9JV6YXGHWRYZ,pillow
PLWH9JV6N7QFFGVR,pillow
SUPHYWXFUYKGXNCM,pillow
NPEH6SYRSCZHFTD2,pillow
PLWHD6WZHH3KVQJ5,pillow
PLWHCZAETVGYAHTK,pillow
PLWHCZADKDVVNAX8,pillow
PLWHAUSKZVMZGFYM,pillow
PLWHYNUHYGZ6V4G7,pillow
NPEH6SYVWP2VK4DK,pillow
SUPGWSXQN7YDB2ZM,pillow
PLWHJGHGS9YH3TUU,pillow
PLWHJZGNEYHHUDRG,pillow
PLWHJZGN5AFZG3VN,pillow
PLWHJGHHUGUSSYAB,pillow
PLWGUY2HFYCZ7RYU,pillow
PLWHJGHKFFSTF2PJ,pillow
PLWH9JV6J2EJBGWZ,pillow
PLWHJGKE8C6PKWJ9,pillow
PLWHD3FZGYYMDGFK,pillow
PLWGM2GT5CEBCZFD,pillow
PLWHFSJAJWBZZYBG,pillow
PLWHD3FZRFVQ6HG2,pillow
PLWGHUPGMNYFN7GF,pillow
PLWHJYYMAEYWCKBX,pillow
PLWGZE8TYXKZYUC9,pillow
PLWHEHY7NHP4MMRG,pillow
PLWH9JV6GVF2FZJJ,pillow
PLWHCZBWADDTMGD7,pillow
PLWHG96FP4AAREBB,pillow
PLWH9JV6XXMG8HAS,pillow
PLWHEPGW5GNYHSZV,pillow
PLWGUY2NXF6DVHCQ,pillow
PLWHYGHGMYHQYZAC,pillow
PLWH9JV6WGE8CRGM,pillow
PLWHG96F274DYZ9Y,pillow
PLWHEPGWD4QBEQKY,pillow
PLWHEHY7PHFYZRTB,pillow
PLWHD3FZAADGKS6Y,pillow
PLWHD32Y7MF5PV5Y,pillow
PLWHD3FZRUDSFSYP,pillow
PLWHD3FZQTXFC3AG,pillow
PLWHD3FZTDW6QJ2M,pillow
PLWHD3FZCYZHEWM4,pillow
PLWHD32YXFVJ4K6Y,pillow
PLWHD32Y4EYWVH2B,pillow
PLWHD3FZBGTGF46U,pillow
PLWHCYE5FHFQMGSY,pillow
PLWH9JV6DPF42ZMG,pillow
PLWHACZMMZN3VYGG,pillow
PLWHD32YUQZQJUXT,pillow
PLWHD3FZFSZHMYVZ,pillow
PLWHCYE6SPPKW2NG,pillow
PLWHD3FZFAU5NZV9,pillow
PLWHG96FX5KKT89T,pillow
PLWHACZMU9ZWXVFB,pillow
PLWHYGHGENHZFYNS,pillow
PLWHD3FZHY6G6ZF5,pillow
PLWHDFSJXC94U2DJ,pillow
PLWHDFSH6F3ETZ8Z,pillow
PLWHD3FZC5GVAGFX,pillow
PLWHD3FZMHFCSSKR,pillow
PLWHD3FYGZNSTNGP,pillow
PLWHD3FZVYP46FEW,pillow
PLWHFSJ8G8WWADYH,pillow
PLWHD3FYEN7ZCPZP,pillow
PLWH9JV6GZMYQ3YY,pillow
PLWHEPGWKUNZC7BG,pillow
NPEH6S4KRZFGZ3XM,pillow
PLWHJYYZKBHRURGY,pillow
PLWHJZGNEWMBYHGB,pillow
PLWH5UGN3UQGMDJ8,pillow
PLWH9JVBXYVNEB4M,pillow
PLWH9JVB4YYFF2P2,pillow
PLWH5UHSUZC7V5YE,pillow
PLWGUY2PCGNSAZS4,pillow
PLWHACZMUKNHPV4S,pillow
PLWH9JVBHRDHASJR,pillow
PLWH9JVBRWZGUVWW,pillow
PLWH9JVBFYMHNVYC,pillow
PLWHBBGR8GHFYPHU,pillow
PLWH9JVC6RGSZMDH,pillow
PLWH6YGYWGECWJV9,portable_laptop_table
PLWHCBWPRNCQGGZQ,portable_laptop_table
PLWH6XN6TGMZE3QT,portable_laptop_table
SNDHKPY54RKJCRET,sandal
SNDHKZZSABEETHMV,sandal
SNDHKPYA9Q3RXJXU,sandal
SNDHKZZDJFJHGSF4,sandal
SNDHKZZUACFH3QDR,sandal
SNDHKZZAVFKAZJR8,sandal
SNDHKQY2ZNFUJNJP,sandal
SNDHKPYFKKK7GPAS,sandal
SNDHKQFPTRJCGC64,sandal
SNDHKQFPHRNBG7HF,sandal
SNDHKZZH6KPYV7HQ,sandal
SNDHKZZR54GKBZSW,sandal
SNDHKQFWXHG8VZFD,sandal
SNDHKQFPBDWXMKUV,sandal
SNDHKPYZDR4RTBTV,sandal
SNDHKGDT56AXMURZ,sandal
SNDHKGDXNCFDYKTP,sandal
SNDHKGDZGXFNGUNU,sandal
SNDHKGDUHYJARY7T,sandal
SNDHKGDWGFTKJSGH,sandal
SNDHKGDTG8AAXKX3,sandal
SNDHKGDU33JYZ4VH,sandal
SNDHKGDXN9NTXCNH,sandal
SNDHKGDURZKBFTYB,sandal
SNDHKGDKESFCQC5U,sandal
SNDHKGDWZQCGXKYS,sandal
SNDHEKZGRAGGS3DA,sandal
SNDHFYZSHTZZD3BC,sandal
SNDHEKZGF8ZKUFMZ,sandal
SNDHEKYSHGWYC2XU,sandal
SNDHEKYSUHYB6ZRS,sandal
SNDHEKYSFF59ERGB,sandal
SNDHEKZGQJ773HGQ,sandal
SNDHEKZGGMQKX8XF,sandal
SNDHEKYSZG2GUGMN,sandal
SNDHEKZGJFZVCZNZ,sandal
SNDHEKZGNNH5KNDN,sandal
SNDHEKZGCCZJEZP8,sandal
SNDHEKZGJPK8AFYM,sandal
SNDHEKZGPDYC7PYT,sandal
SNDHEKZGTYBWB5KG,sandal
SNDHFYZSFJZ7WDNY,sandal
SNDHEKZG8UWJPNXX,sandal
SNDHFYZR4F3QZW45,sandal
SNDHEKZG4THPMGG6,sandal
SNDHEKYS4ENGESRY,sandal
SNDHEKYSPTAYVMDX,sandal
SFFHJ86ETMBFE9ZY,sandal
SFFHJ86BQACMZCUG,sandal
SNDHEKYS5BQCVTNY,sandal
SNDHEKZGRYBBCZNF,sandal
SFFHJ86FBANBSDZB,sandal
SNDHEKZGCMXPCTYS,sandal
SFFHJ86GGHFBFZKH,sandal
SFFHJ86E24U6ZYVF,sandal
SFFHJ86EPVYEGG5E,sandal
SFFHJ86HD3JFPYSG,sandal
SFFHJ86BJAEEKMKM,sandal
SFFHJ86EDDYKVQGS,sandal
SFFHJ86DNHWWJJSV,sandal
SFFHJ86DYDFEFEJJ,sandal
SNDHKGDXJ3479YTF,sandal
SNDHKGDKNKPGYTU9,sandal
SNDHKGDUEUQP4S6G,sandal
SNDHKGDTX6HGXG9K,sandal
SNDHKGDUEYFJXNY5,sandal
SNDHKGDUFNEMMREZ,sandal
SNDHKGDKZD4NTCYY,sandal
SNDHKGDQBDPGZDGJ,sandal
SNDHKGDX6SBYT7F2,sandal
SNDHKGDUDHXYJC8X,sandal
SNDHKGDX66YAKFWP,sandal
SNDHKGDUHGZPVNCN,sandal
SNDHKGDUVJD3QXHB,sandal
SNDHKGDQENF2XZC4,sandal
SNDHKGDUZSPTUHGR,sandal
SNDHKGDQEAFMGWMW,sandal
SNDHKF5CZH6YQHDP,sandal
SNDHKF5YSY2XGVAG,sandal
SNDHKF4ZXDRH659W,sandal
SNDHKGDZWJD6BN2Y,sandal
SNDHKF5E5FFEPWQZ,sandal
SNDHKF5GE4N99CKV,sandal
SNDHKF5FZSFXSFUZ,sandal
SNDHKF5YN3VQN3NA,sandal
SNDHKF52JWXSWMGR,sandal
SNDHKF5YY4ZAQYUY,sandal
SNDHKF5YKZX6H4FA,sandal
SNDHKF5FGJHZFTUH,sandal
SNDHKF5FV7922UVZ,sandal
SNDHKF4ZGKFH4PMX,sandal
SNDHKF5DZGDCQ9NS,sandal
SNDHKF5YFVHGHNVA,sandal
SNDHKF5DUZEWXY9Z,sandal
SNDHKF5FYFPD5QKZ,sandal
SNDHKF5ENEJJH7ZH,sandal
SNDHKF5FESMFFHUE,sandal
SNDHKF5YAJRFYZMN,sandal
SNDHKF5FBNGWKRV3,sandal
SNDHKF5D2FGNQFC6,sandal
SNDHKF5FJYBKUKBX,sandal
SNDHGWD2NTZEZY6P,sandal
SNDHKF5FZHE4C3CC,sandal
SNDHGWD2FJQXGVYC,sandal
SNDHFMWEJCVGGJWM,sandal
SNDHGWD2YZGZV2E2,sandal
SNDHGWD2EGUJQ3NT,sandal
SNDHGWD23THWCVRA,sandal
SNDHGWD2AX3988BH,sandal
SNDHGWD2FGGNRGKH,sandal
SNDHGWD2HZ4AQK8C,sandal
SNDHGWDFECXNQ4QC,sandal
SNDHGWD27NMHYTNN,sandal
SNDHGWD2CEGCDP94,sandal
SNDHGWD2TPRPGG5Y,sandal
SNDHGWD2ZSKPNUJN,sandal
SNDHGWDFFVRWEYXH,sandal
SNDHGWDFA7ZD6HCV,sandal
SNDHGWDFFEYYPZ4K,sandal
SNDHGWD2ZGFDHG73,sandal
SNDHGWD2VRGZYFVH,sandal
SNDHFMWDUHGJUG2P,sandal
SNDHGWDFC6GP5ZPH,sandal
SNDHFMWDWKJYXU6W,sandal
SNDHFMWEBHD2PNFX,sandal
SNDHFMWE37P3TGQN,sandal
SNDHFMWEJHNFYMGR,sandal
SNDHFMWDVJDMTTPE,sandal
SNDHJRUWNVAF4YHX,sandal
SNDHJRUQGKG5MAZJ,sandal
SNDHJRV2HQPQZG4C,sandal
SNDHGDNMG9U3ZKGV,sandal
SNDHGDNM2UMMWBCB,sandal
SNDHGDNMTR6XHZ3F,sandal
SNDHGDNMHAEX3UWP,sandal
SNDHGDNMF6GWPZJF,sandal
SNDHGDNMHJEYGM5R,sandal
SNDHGDNMZTZ7NDHY,sandal
SNDHGDNMHEHW6YVU,sandal
SNDHGDNMZHRBBCVD,sandal
SNDHGDNMTDGPGMS6,sandal
SNDHGDNMUK5Z5QZT,sandal
SNDHGDNMHYJ4CPDR,sandal
SNDHGDNMURXES9HS,sandal
SNDHGDNM2QA7MTDR,sandal
SNDHGDNMJXT2SEBP,sandal
SNDHGDNMRJGWVFFT,sandal
SNDHGDNMYRTZWUNF,sandal
SNDHGDNM646D9SWQ,sandal
SNDHGDNMQMRSAEHK,sandal
SNDHGDNMEYZFCDTG,sandal
SNDHGDNMRRGD24WQ,sandal
SNDHGDNMER7QQYZM,sandal
SNDHGDNMYDQQEPNY,sandal
SNDHGDNMABVRVW76,sandal
SNDHFMWENYDWGMAT,sandal
SNDHFMWDEKJAFWRF,sandal
SNDHFUGKVMFRFWQC,sandal
SNDHFUGKZHHHYH3E,sandal
SNDHFUGK9C7Q5GQY,sandal
SNDHFUGKG5HSCKA2,sandal
SNDHFUGKRQG8EDTX,sandal
SNDHFUGKSGZAUHB5,sandal
SNDHFUGKWFYNWGPC,sandal
SNDHFUGKRUCHDWCQ,sandal
SNDHFMWDN7FC76ZT,sandal
SNDHFUGKKN5HKZKC,sandal
SNDHFUGKQRXEFDF2,sandal
SNDHFUGK3UVYBSAY,sandal
SNDHFUGKZMG22SPA,sandal
SNDHFUGKPZEWKDHZ,sandal
SNDHFUGKDV8WNTKS,sandal
SNDHFMWEAABUGYZ5,sandal
SNDHFMWEHWMA7GYV,sandal
SNDHFMWEGSTFHHZZ,sandal
SNDHFMWEPKHHYNFH,sandal
SNDHJ4GKGMHN5APN,sandal
SNDHJ4GKERJGWEZU,sandal
SNDHJ4GK5FCUBTPZ,sandal
SNDHJ4GKZDDJHD47,sandal
SNDHJ4GHB2C4ECZK,sandal
SNDHJ4GHPAVTF6CD,sandal
SNDHJ4GKUM3W5ZVZ,sandal
SNDHJ4GH8VF3KTYB,sandal
SNDHJ4GHQZFRTMRB,sandal
SNDHJ4GKSKHHG4NM,sandal
SNDHJ4GHZPQPPMR2,sandal
SNDHJ4GKGGHDFGSY,sandal
SNDHJ4GHBZ79BZRY,sandal
SNDHJ4GK5FDBM9QG,sandal
SNDHJ4GHDWSJHBD3,sandal
SNDHJ4GHYNEZXHHN,sandal
SHOHKAQKNF4TVFRN,shoe
SHOHKAQJPCZZNV4M,shoe
SHOHKAQJH3URKYER,shoe
SHOHKAQJMBG5NHMA,shoe
SHOHKAQJGBXK3AVW,shoe
SHOHKAQJKBNCDQEK,shoe
SHOHKAQKUUSEG6US,shoe
SHOHKAQJCGTESHQD,shoe
SHOHKAQJHP3KKZZZ,shoe
SHOHKAQKZKG9ZU4B,shoe
SHOHKAQJJNZCFFDZ,shoe
SHOHKARC683PQBTG,shoe
SHOHKAQJEDHHNU9B,shoe
SHOHKAQKYYYECUFN,shoe
SHOHKAQKSGKGDZB4,shoe
SHOHKAQKVUZHBCHR,shoe
SHOHKAQJQXZXVQBV,shoe
SHOHKARCCAREDBYG,shoe
SHOHKAQJZFRNGT2X,shoe
SHOHKARCDRXHGDTH,shoe
SHOHKAQJYKHZZYYC,shoe
SHOHKARCJUXUZPJZ,shoe
SHOHKARCUCYYVZWP,shoe
SHOHKARC5TUMBX6Y,shoe
SHOHGCJGZPFHEYB6,shoe
SHOHGCJFRFR8ZZHE,shoe
SHOHGPM2JYVR8ZDT,shoe
SHOHGCJF84ZYBPZE,shoe
SHOHGCJGK6UTYGEP,shoe
SHOHGPM253CZSGMG,shoe
SHOHGCJFAZDZJWPG,shoe
SHOHGPMFCYCEY8XK,shoe
SHOHGPTZZMGGUHFZ,shoe
SHOHGCJG3ZHZZHWF,shoe
SHOHGCJFPSANMTF6,shoe
SHOHGPTZKYD8YZWY,shoe
SHOHGPM2SG6JXGP3,shoe
SHOHGPTZPZXY7GAM,shoe
SHOHGPM2UFZRMYUG,shoe
SHOHGCJFURFFHFGZ,shoe
SHOHGPTZR4ASWYTF,shoe
SHOHGCJF6JEVFVZJ,shoe
SHOHGPTZHJ8TMUHY,shoe
SHOHGCJFKJQQGJDA,shoe
SHOHGCJGWWHMHW8Q,shoe
SHOHGPMFZ4CDSGYR,shoe
SHOHGCJGY7EWDHDG,shoe
SHOHGPM2NGB8JDKY,shoe
SHOHGCJGVZGCBD8A,shoe
SHOHGCJFRPANY7VV,shoe
SHOHGPMFSCBYYWYQ,shoe
SHOHGPM2BHYFYA9J,shoe
SHOHGPMFQEFGZCEG,shoe
SHOHGPMFWBXSAUXZ,shoe
SHOHGPTZ6EMFSU3F,shoe
SHOHGCJGDPTRZYYA,shoe
SHOHGPTZKFWRAGRY,shoe
SHOHGPM24YXXK2QX,shoe
SHOHGCJFXNQCCX9J,shoe
SHOHGCJFJBHXUQGM,shoe
SHOHGPMFBR78FCTW,shoe
SHOHGCJFP5MYRMTA,shoe
SHOHGPMFAJP9XNP6,shoe
SHOHGCJFZYK4ZG8D,shoe
SHOHGPMFEZ2A5EA7,shoe
SHOHGCJFARDSJFJN,shoe
SHOHGPM2GBY2UXVH,shoe
SHOHGCJF93HYCPNZ,shoe
SHOHGCJFG2GEYHMW,shoe
SHOHGPTZKMXCSWVM,shoe
SHOHGCJFWR2PYBMX,shoe
SHOHGCJGVD8BCYUA,shoe
ISEHGZZH2FJ87X5H,shoe_insole
ISEGQXWKHBBSMGZJ,shoe_insole
ISEGQXWUFPCZHZSE,shoe_insole
ISEGQXWQSXGWAHGJ,shoe_insole
ISEH5F58XBZHRPSM,shoe_insole
ISEGQXVHJHRUJ9K9,shoe_insole
ISEGQXF48DEF5YZZ,shoe_insole
ISEHGZZZBHSDWHZT,shoe_insole
ISEHGZZZUNCY6GGZ,shoe_insole
SFFHGF87EYHP3NRY,slipper_flip_flop
SFFHFNUYGWCUZKGR,slipper_flip_flop
SFFHGF87UZZH2DK6,slipper_flip_flop
SFFHFNUYXCJZDXU8,slipper_flip_flop
SFFHGF87HNHPPAXP,slipper_flip_flop
SFFHGF87NRGM2PPN,slipper_flip_flop
SFFHGF8733YZHKTQ,slipper_flip_flop
SFFHG97QTFDPZGRS,slipper_flip_flop
SFFHG97QJDCY7JSM,slipper_flip_flop
SFFHGF87FXAMRZYW,slipper_flip_flop
SFFHG977KVKWJ4DM,slipper_flip_flop
SFFHFNUZVZ4ZKTGG,slipper_flip_flop
SFFHG97Q739ZQN8N,slipper_flip_flop
SFFHGF87KCDKBM6B,slipper_flip_flop
SFFHFNUZHBGZGGU7,slipper_flip_flop
SFFHG97QYDFMTKYZ,slipper_flip_flop
SFFHFNUY5ZTPFSAZ,slipper_flip_flop
SFFHG977ZHVBMPFZ,slipper_flip_flop
SFFHFNUZFZZNTTDB,slipper_flip_flop
SFFHFNUZHFMEUECJ,slipper_flip_flop
SFFHFNUZDHHEKU5F,slipper_flip_flop
SFFHG97QSJFVHAYG,slipper_flip_flop
SFFHGF87SMWYGAFP,slipper_flip_flop
SFFHKE6JZRRMJ5CP,slipper_flip_flop
SFFHFNUYTCUX6QCJ,slipper_flip_flop
SFFHG97Q8DQFW8ZG,slipper_flip_flop
SFFHG97QHZASFYKG,slipper_flip_flop
SFFHGUBCGY8Z22TZ,slipper_flip_flop
SFFHFNUZUHNRD3ZP,slipper_flip_flop
SFFHG97QNGKYTMCG,slipper_flip_flop
SFFHFNUYNYPBKUJ7,slipper_flip_flop
SFFHFNUZWFPGXHDH,slipper_flip_flop
SFFHG97QJGWA6F4W,slipper_flip_flop
SFFHFNUZGDKJBZDX,slipper_flip_flop
SFFHG97QAWSQHSGZ,slipper_flip_flop
SFFHFNUZRHHDTEJB,slipper_flip_flop
SFFHFNUZJQSYHGCG,slipper_flip_flop
SFFHFNUYRYEFNERV,slipper_flip_flop
SFFHFNUYXGFWSU3D,slipper_flip_flop
SFFHFNUYHRBD3PAF,slipper_flip_flop
SFFHG977WTZEDBGJ,slipper_flip_flop
SFFHGF87EBHQMKZG,slipper_flip_flop
SFFHGF874GK2S7HF,slipper_flip_flop
SFFHGF87HPVARYPK,slipper_flip_flop
SFFHGF87WJMDBKNB,slipper_flip_flop
SFFHG977M4FGS3EG,slipper_flip_flop
SFFHGF87AW9GZWSG,slipper_flip_flop
SFFHG977HGSTNWDC,slipper_flip_flop
SFFHG977RB4H2WMY,slipper_flip_flop
SFFHGF873AVMVFD7,slipper_flip_flop
SFFHGF87QMNG9CY5,slipper_flip_flop
SFFHG977BTKZRYGF,slipper_flip_flop
SFFHGF87NPU5BUYZ,slipper_flip_flop
SFFHG977GFHGSKNQ,slipper_flip_flop
SFFHGF87W4FH8BG6,slipper_flip_flop
SFFHGF87GACFPGEH,slipper_flip_flop
SFFHGF87MRGNQAWQ,slipper_flip_flop
SFFHGF87MYBJWKTW,slipper_flip_flop
SFFHG977P4HGJ4QR,slipper_flip_flop
SFFHG977U4CVBQ9A,slipper_flip_flop
SOCH9HYJ5FGYHUXA,sock
SOCH9HYG5YF2TFZC,sock
SOCHD2QGGTYGPV9C,sock
SOCH9HYJABTFHPZK,sock
SOCH9HYJF4S5FSMF,sock
SOCH9HYJZHJZ2F4V,sock
SOCH9HYJSCPCPFKE,sock
SOCHD2QGZBZRHWMQ,sock
SOCHD2QGQUJWKC2N,sock
SOCHD2QGFAZYYXUZ,sock
SOCH6CARGZBMNNKY,sock
SOCH9HYJNGKUH7QC,sock
SOCHD2QG7TBVHCEA,sock
SOCH9HYJDQVQFGNK,sock
SOCHD2QGUKDYXSKX,sock
SOCHD2QGHWGS4A72,sock
SOCHGFM4SFYHGJQ7,sock
SOCH9HYJA64CPWZB,sock
SOCHD2QGGREFVCGG,sock
SOCHD2QGJ5UTZSRR,sock
SOCHD2QGPFPZB2UY,sock
SOCHD3FZRHHG7EGV,sock
SOCH9HYJQRAWMJY6,sock
SOCH9HYJDGAYVBVE,sock
SOCHD2QGXZ6GBNQX,sock
SOCHD3FZJTY4N6PY,sock
SOCHD2QGPRVZSS6G,sock
SOCH9HYGSHMZFZB4,sock
SOCH9HYGJGSHXBUC,sock
SOCHD2QGGPJPVEGT,sock
SOCHGFM4KXM54WHK,sock
SOCHGFM4RZWNWCNU,sock
SOCHCZAFPWJZBTHV,sock
SOCHD2QGVNHGCE5Y,sock
SOCHD2QGTSYPYGQR,sock
SOCHD2QGHNSKJVMF,sock
SOCH9HYJJDSFZZGF,sock
SOCH9HYJWTVFMR5G,sock
SOCHD2QGCZ4HB9QE,sock
SOCHCZAFWH5NRWYW,sock
SOCHD2QG75SHURWZ,sock
SOCHD3FZF2Y4WUKH,sock
SOCH9HYGKXUBFHM8,sock
SOCHD2QGSGEYNRNF,sock
SOCHD2QGUCWNNZ6U,sock
SOCHD2QGHGRGY9FK,sock
SOCHCZAFH6ZSHPFH,sock
SOCHCZAFXUHV2ZUP,sock
SOCH9HYGW2F3DZEE,sock
SOCH9HYJZGP8ZK6Z,sock
SOCHGFM4U4ZAU3U9,sock
SOCHD2QGXN9GHPM8,sock
SOCH9HYJTJYFJ2QD,sock
SOCH9HYGB7KFDVWU,sock
SOCHCZAF8P7BGGZS,sock
SOCHD2QGB88ZET4M,sock
SOCH9HYJCZXBNMTF,sock
SOCH9HYJSGMGZP6M,sock
SOCHCZAFZW5AAZYE,sock
SOCHD2QGGURHEFHH,sock
SOCHD2QG98Z94H82,sock
SOCHD2QGZAGA9WFW,sock
SOCHD2QGKVYV9BQN,sock
SOCHD2QGFED2SFCE,sock
SOCHD2QGWGGJXXEY,sock
SOCHD2QG7G4HNNJJ,sock
SOCHD2QGVWQBATKX,sock
SOCHD2QGWXKNF8QD,sock
SOCH9HYGHSBBMGFC,sock
SOCH9HYG9HBA8MYY,sock
SOCHD2QGYFPRNRVY,sock
SOCHCZAFHGQNSFUC,sock
SOCHCZAFEE4WZ8WR,sock
SOCHGFM4SJXXHPTN,sock
SOCH6CBEE93NMAZY,sock
SOCHCZAFHKYHU4ZG,sock
SOCHGFM47ATRSGYF,sock
SUPHBBGFHFHZGFSH,support
SUPHBJ6YFWKQCGVB,support
SUPHYWY2SBHN7EDX,support
SUPHBJ6ZPDJN2UJC,support
SUPHBJ6YEVHDM3V6,support
SUPHYWZDQFXTM5ET,support
SUPHKGCZXYS9PFSG,support
SUPH5EFR7FRZ2RRS,support
SUPGTKH6DAANZFH5,support
SUPGREKGMRUGCCYG,support
SUPH6BDRV5E7ZJ8N,support
SUPHBWGVBBEZQVHQ,support
SUPHBWGVWGF3DASP,support
SUPHDAH2YT2RNZZH,support
SUPHBWGVPYZFGEYT,support
SUPHBWGV8ZJQWCSX,support
SUPHDAH2N44Z32QH,support
SUPHDAKZNRKMD234,support
SUPGTKNFYFDD2JXP,support
SUPHBBGDTGTFVZDG,support
SUPGBQDHGHA5WDYE,support
SUPGTQYRWDGPKYE2,support
SUPHKGCRGGKKQY9V,support
SUPHBJ6YGJGNHWXK,support
SUPHBJ6ZJ9WQUYEY,support
SUPGGUHVAYHCXZFM,support
SUPHBJ6YDGRRGFVT,support
SUPGBQGFWVHFC7K3,support
SUPHBJ6QANZVPEVX,support
SUPGGSGXTMBGAJHV,support
SUPH5HC7MTV8PUGZ,support
SUPGWSXKKF3SANGU,support
SUPH237VWMYN6BBH,support
SUPHFRGHMBGRXJXC,support
SUPH5PYSYZWBZXGA,support
SUPHBJ6YDAEFVUYV,support
SUPGK4CBDSWEVYPP,support
SUPGBQEZEFA9RE3X,support
SUPGPHZF72DYHHAH,support
SUPHDXVYA6YF8FKB,support
SUPHDAH52ZRSBXR6,support
SUPHC5DVY3PFCC7P,support
SUPH5G8XSRHHWNSW,support
SUPHD98QAFEEJY25,support
SUPHBVHVTRRK44QM,support
SUPHD98QKQTPVGG9,support
SUPGNGK8J8GHNURH,support
SUPHBVHVPHSPPXJ9,support
SUPHBJ6QKA57D3YS,support
SUPHBVHV7W676RFC,support
SUPHBVHVCTTZRTNG,support
SUPHBVHV8TKWPWXK,support
SUPGY3ZTMZXF7VMD,support
SUPHEHTWRFYUEZAB,support
SUPHEHTXZEVJCZCA,support
SUPHAMPNE2QSHSXB,support
SUPHBVHVGV4H3VDF,support
SUPHEHTXAPKZH5D6,support
SUPHAMPNH89PDDHJ,support
SUPGPFMMMYZNKE5T,support
SUPHC5DVFFW5BDHS,support
SUPHGZW5DQ9UVZDE,support
SUPGZGM7BSFCC8RW,support
SUPH5G8PZHQXJFGD,support
SUPHBVHVCTS7ZXSZ,support
SUPHEHTWMND5ZR8P,support
SUPHDZQ49G23ZNRG,support
SUPHEHTXSCA6FJRR,support
SUPH5HE53HCFKQGU,support
SUPHEHTWZKVDGGKJ,support
SUPHFRGJCD7HT7NR,support
SUPGSUZJHGMYG56P,support
SUPHDXVYGGRYRPQ9,support
SUPHGZXFSFHQQHBU,support
SUPGBQFB7GXBCPKA,support
SUPHBVHVXBEYZCRN,support
SUPH6YHQHGBHZUJQ,support
SUPHBVHVAV73FCFZ,support
SUPH23824A4KMDH4,support
SUPH5EFHTZUMJVWT,support
SUPGJH23GSYCX5EJ,support
SUPHBVHVWNCNBAFU,support
SUPH6YHV4UPKGCHV,support
SUPH5HE2KKQHWPTK,support
SUPGT85CYAAJNXUQ,support
SUPH5P64QFE8HHR8,support
SUPHBVHVJXUNSG98,support
SUPGY3ZTUPWNJDAJ,support
SUPH6XMGJSSDBTZJ,support
SUPGPFPYVTGV8UGY,support
SUPH5HCPRMGCJPYQ,support
SUPH5G9ZW9G9VTFD,support
SUPHEKZBQKKKYTHA,support
SUPHBVHV8SPFTUNY,support
SUPGBQFEZNAAZHGG,support
SUPHGZWZMWUG7EGE,support
SUPGPGRFZGHDGYZF,support
SUPGZGM7FDW3BAMU,support
SUPHEHTXYVCFCGRT,support
SUPHD98QG8G37TKT,support
SUPHBBGEFRWP7YU6,support
SUPGPGRE8EC3YQCX,support
SUPHGZWZVHU7XRZ9,support
SUPHBVHVDKZSGGRW,support
SUPGY3ZTEGA8GFMX,support
SUPHEKZBE8SRGDR6,support
SUPHGZW5KEWEYREH,support
SUPHY8CTTQHANQH6,support
SUPH3XZFRKMG9NXU,support
SUPHBBGDF5RFQQVY,support
SUPHBVHVWYYRV98R,support
SUPH5G9ZTA3ZJFWG,support
SUPHFRGJXCPECSAF,support
SUPHDXVYHV3SCD3Y,support
SUPH3XZFEBZNE286,support
SUPHD98QNJCZNUJG,support
SUPHBVHVBEAGZCHQ,support
SUPHBVHVNXZ6ZEDG,support
SUPHD98RQW7MYDFS,support
SUPH5F5FG6XS4KUG,support
SUPHDET5HMV4FFZF,support
SUPH28H42QE4MNGH,support
SUPHAMPNPN7STY3C,support
SUPGJGYSWHJV4Q69,support
SUPGK4CGRBDZHYJH,support
SUPH5F5HGZN3GNMR,support
SUPH5HCVW5YZDQFZ,support
SUPH5G95GFHJYHUM,support
SUPHEHTWSGKYZPQA,support
SUPGT85B9KZ7SS92,support
SUPGJHYMG6TYBF8F,support
SUPH5GA9DSJRTFTT,support
SUPHFZYFUHWZCHQB,support
SUPGGUHNCZGYHCCP,support
SUPGBQENCAHYJNFW,support
SUPH5ZYG6YHMGS5M,support
SUPGGUHNAHPTZGPD,support
SUPH5E4TGX29WBSQ,support
SUPGGUHNZZJFNV25,support
SUPGGUHNC7XXZBUJ,support
SUPGGUHVJFQ7VHNN,support
SUPGEMRSRJJSGWGF,support
SUPGEMRRTUJJFG9D,support
SUPGDQDP3DU6V3GZ,support
SUPHBJ6YRQQB49ZB,support
SUPH5E57HA5NZBTZ,support
SUPHBJ6YKRZBBJMF,support
SUPHGZWZNXZTZ3GK,support
SUPH5HCQFUKJJJEH,support
SUPH5HCCMYR3FRGZ,support
SUPGZNERHW6AFNDH,support
SUPH2Q9QKXDFHFBF,support
SUPHGZW5ZEUTYEUC,support
SUPH5GA3FCXNNWHQ,support
SUPH5GAFMDHZMGNU,support
SUPH5G9UHH8HZG8W,support
SUPHBJ6RNP6J4YZP,support
SUPHBJ6Q4FGBVANV,support
SUPHBJ75V4HBHG9X,support
SUPHBJ8SBHTRTQUX,support
SUPHBJ76QYQPDZNN,support
SUPHBNNMPAYCQBV2,support
SUPHBRX2YZNB5GGG,support
SUPHBJ6QP65EEW2G,support
SUPHBRVRWQHWCV26,support
SUPHBJ76KZD9PFHE,support
SUPHBNNMKBUPXRFU,support
WSIHHTSGWMNEVHBS,walking_stick
